{"loss": 17.463491439819336, "_timestamp": 1696882553.000536, "_runtime": 5.767935037612915, "_step": 0}