{"loss": 17.463491439819336, "_timestamp": 1696881540.592179, "_runtime": 5.365796089172363, "_step": 0}